{
	"agcgw":{
		"backurl":"connect-drru.dbankcloud.cn",
		"url":"connect-drru.hispace.hicloud.com"
	},
	"client":{
		"cp_id":"2640091000002032901",
		"product_id":"736430079244466198",
		"client_id":"367893994388063424",
		"client_secret":"BEFA36B009E86FDAA1E143589A83C69468715496E425CA4962031ECE9169E5BF",
		"app_id":"102261907",
		"package_name":"com.test.ma",
		"api_key":"CV7vIiTLIr6eT8fuwvQEGidzrT1siGzgBmm7nSh8HPoEuYbIdOHmmQflT/xcwlxHmK5Mr25JPFfLfhDkpqLvfnrrOntB"
	},
	"service":{
		"analytics":{
			"collector_url":"datacollector-drru.dt.hicloud.com,datacollector-drru.dt.dbankcloud.cn",
			"resource_id":"p1",
			"channel_id":""
		},
		"ml":{
			"mlservice_url":"ml-api-drru.ai.dbankcloud.com,ml-api-drru.ai.dbankcloud.cn"
		}
	},
	"region":"RU",
	"configuration_version":"1.0"
}