{
	"agcgw":{
		"backurl":"connect-dra.dbankcloud.cn",
		"url":"connect-dra.hispace.hicloud.com"
	},
	"client":{
		"cp_id":"2640091000002032901",
		"product_id":"736430079244512992",
		"client_id":"385365963945542848",
		"client_secret":"601C8894A9008153ABE774E079D60F34F8F00A32E1904FCCD9847ECFD756D6C8",
		"app_id":"102402547",
		"package_name":"com.test.ma.strawberry",
		"api_key":"CV8OxCsf/Mtqruz0D4pljWYJJAmoAbqlnSML8zL/HG1krrQ4Jmg2vubQr9mv8oK36km2bvUAjSw6jAipCg2dV0YTLz4Z"
	},
	"service":{
		"analytics":{
			"collector_url":"datacollector-dra.dt.hicloud.com,datacollector-dra.dt.dbankcloud.cn",
			"resource_id":"p1",
			"channel_id":""
		},
		"ml":{
			"mlservice_url":"ml-api-dra.ai.dbankcloud.com,ml-api-dra.ai.dbankcloud.cn"
		}
	},
	"region":"SG",
	"configuration_version":"1.0"
}