{
	"agcgw":{
		"backurl":"connect-dra.dbankcloud.cn",
		"url":"connect-dra.hispace.hicloud.com"
	},
	"client":{
		"cp_id":"2640091000002032901",
		"product_id":"736430079244512988",
		"client_id":"385364476116861952",
		"client_secret":"EA006ED82786F51CAC85D788E7EC0A097CBA1A689D4E198A9FDF546FAED786CD",
		"app_id":"102402523",
		"package_name":"com.test.ma.chocolate",
		"api_key":"CV8Ow77bRISODv1BL7kARPes0z0XybzuWjwaBRa9raeN5SXd08xKrQ0DaxYL8fpbJ2mpvn2ZWGVkjmuFblP3ZfeWBdPa"
	},
	"service":{
		"analytics":{
			"collector_url":"datacollector-dra.dt.hicloud.com,datacollector-dra.dt.dbankcloud.cn",
			"resource_id":"p1",
			"channel_id":""
		},
		"ml":{
			"mlservice_url":"ml-api-dra.ai.dbankcloud.com,ml-api-dra.ai.dbankcloud.cn"
		}
	},
	"region":"SG",
	"configuration_version":"1.0"
}